username,passwordHash
liam.turner,ee216de6009f72acc8c85adbb911b645bc01eb6b379fe25d38c75e287b0143fb
sophia.mitchell,8779c5ef8ea90eb794e232e5de3a702e
noah.anderson,34de2a28960db0c344bb54a3f0ae54dca2dffdfed28cfef05780f2c0c6a4f9c0
olivia.parker,67ba7a8081689fdbca434e3d8d7172fe1ba977989990073555171feb06168c3b
jackson.thompson,7932f025249e6f0544791faacd28f7e7
ava.bennett,de5aea4cc527dc2afa639b6814730e4f07db0f92984329ae3326292cfcc912d4
lucas.murphy,dbba78ef7400ab67216b3e2d669733e22948cd35
mia.roberts,9cdfa809598d240b6d2500007bd68bb059e7bd7d
aiden.foster,71d529932a4affe8189ca4d6c5a9c8d0396fb160d35d32447d7e7f5bd432b162
isabella.hayes,72ab994fa2eb426c051ef59cad617750bfe06d7cf6311285ff79c19c32afd236
caden.nelson,b19c320d20fa0c600a576554374a7549f10477f6fc5be93765875f6ef46995e7
charlotte.collins,1574faa22cac3818f08c70c49b3e8d3f
ethan.henderson,f07f1d67fc5ea79947e06d3785fcc6f34b7d3bba
amelia.phillips,8aa7301bf804887ea6344b84cb5af47dcebaa3e6c96bf87c0d03325068b0441e
mason.reed,ba28508074e36bb588f055d5256c6421
harper.carter,af5efebef284edb33c2e7d2e134cb1c232ef1bf7a52ce8f380ad15c423180657
oliver.cooper,4dae0ac7a9704967f99ce380dab9d1dd68b80d9b
sophia.watson,2aa322f9b0dab408c60a4a7ee5a31c23
elijah.russell,9b16f643d2f836bc2fb047dcaff005f90fb314045826c45d3abc9b9330b27711
evelyn.hughes,84f5db853e5a58b66f9dc76895c59043fd53c18abdcb60f95c33faaaa920aa7c
grayson.morgan,56248e7881c702ec570c8b6997fe32cf85899f0e7f8fe448735cf0759c51d50b
abigail.price,1b8a1bced4bbf92a583f830012975803c0c64e9c7b3a019077d8df774e78ca71
carter.richardson,2105804f78f58c301c657b24cc296f30
emily.ross,4cce5393df1e321ae2fc9bee7613364fa929f7d2a853ff1cf6eff5919521156c
logan.sanders,f8536022a3e2c97c2c88c414551b2024e47e663a804aa103adc6d083b7d876b6
scarlett.brooks,d8962a1071bb6515fdfdfc31e6b471b3
samuel.butler,97f6880db8c1f34b4bbe7dacaeaed667
harper.peterson,9f69c50d66eb5a692eb279ec32db8d85
benjamin.hayes,7a2aef0ffc1e6757b6772f04c1c1a492120886c969a54467438639674abc02a1
sofia.ramirez,836c617aa5923266a7676a76bd82df4a
daniel.jenkins,a2e1a097944715a61510366b91b206e31c6b98d2
lily.foster,dca9e02b65e006a723db7ff96efb089e
henry.bryant,bac1b88002f4341c3dc2e8a1a35b1b14
grace.coleman,8c3e4235fbdc9fe80555267c2df0fbc17254974f
alexander.murphy,d549571bce1b47f4da7ad9556765f48c
victoria.ward,763aaf6a4e3466de6b5e929a11a7ee93ce514c38
gabriel.hughes,e9c0c8bc1bbda46f0fe41a6f3bfedabe65faf732
ella.stewart,3791865a24d0f248d5cf31a6bebe2b47cab493b307783ef2a2d9cd1ab5c25609
william.turner,81a847709ba35f1eeffbf2bcabfa8e89a5d36f8131fd2e2eaa716561b9314def
scarlett.myers,06ac6ef4815d71a6b737fd3ad9793257
michael.mitchell,9c727100d68091c23f1fb8d4cfdf3c949be03669
ava.coleman,00fffe3aa1a9656110517f007d18341b
emily.bennett,94d1fc8e8af30cdf0d1e7e21b93cb007872eefb3
jameson.phillips,079686efd715d14b661403f14aa2e4cddeece74f
chloe.reed,552ec653c6a135ac7bad44f9a2a57fba4147eaecfd7add4c06e36387be5e5f92
joseph.foster,2d56046b203c752b2515d277a3105c7ff44376ed
penelope.nelson,eacb8d8e0f4b7337eab19e4e7876fc1c34d2d210
benjamin.lewis,2f4dcce5e23b1f9e5fa3d89ada8cf489d0b6c50a
madison.carter,1e9326fabf950fd714ad685ecdde71219809531853f6123c0fa20e7de0b89f04
samuel.ramirez,5badcaf789d3d1d09794d8f021f40f0e
aria.watson,677ef2cd70b9445403b3e4e6dd8e194d
nathan.wright,d7bbe075c3cd3c7fdfd2ae3a9bee9cf5
grace.henderson,0afc503a299d340c064b56ae765876d3e5565a1e
elijah.bryant,59398ff41f6414cd6c54091fcddab977470be7f7
avery.cooper,ba777cf3299564668b045ed661557ddbac79bcccedb938842910067571ce744e
daniel.thompson,31b1ae15b65dae1a18563db1e34e04e8
zoe.richardson,e727759201a3049d552f27e8e0a3d34f3ce9dfa8
isaac.myers,7836090d94a0f7af0c3ae421daae9c7a
addison.ward,92dacc320ce399fb815504326c75a29c
jackson.sanders,004bd457065b951dc1db30fee29a0c3c2cf8c6bc8b0535a3838da8f4769ca26d
harper.jenkins,054d8db28ac252f56db4ed8ba2104368
grayson.martinez,3638095cf22dbf9df8804c7e05335f536131e3179856a1991d1196e0c788acc3
elizabeth.coleman,32028e65d386c89a243b29ef361460642063fa1023b35ce328939203c44b215d
logan.butler,9903abacf214260cfde81cc92c2ab9fda7649a400f65e0668f0fc2e097043ee4
lily.stewart,7c14138ee3d7c9efb6c6e1235b2010890df9aaa4
henry.peterson,39cc1cf03bf72dc9455bdcb698e488678cea57de58ee1b3ad57ecfbafae8668c
brooklyn.smith,58023f61c542ab6fc0e719df3f14c5c5
caleb.wilson,dc7063014d5093473ff39aa750ccb8656fa62e9baff6cb0145aa51ea113ed5c6
stella.parker,4b6da9111caebb3dfd83a00290596b9b610907fe
gabriel.smith,31b1ad07cb4518b9bd45b4d562d88b34b671e05c
layla.jenkins,bc3aa18b4e4ecfb0b6687e24e6da970b22a231b9
andrew.ross,0b24282ef8011c4b21b48aaa602f04b1
aurora.price,77236762c538ec661720ecc634936795e8bf24e4
christopher.ramirez,c81dd49936bf98e464f30f501f1c69bf
paisley.foster,494da63c08e269d388f7e3fb404cb5594ab9edde
david.nelson,e203496fa2a2bd9d18d76a5a4d623333a46eb537
savannah.hayes,1d3cd96f481d1b24ad92e76e4c2686c231f618ec39ff1f1df425bb8cf2ac9a31
christopher.howard,b23be6577eb563349c1a6e38e32bdd72
maya.watson,b435b47b192051a65b88da70c4d20d94a76ebdc455746f634ada41193fad2d9d
john.campbell,9f0cf98b93fbc25b244aee2cd1838cb61e2ae467998fab8131509db2bddcdd98
bella.anderson,d31f018b574e5a3c1f68e5b4ca128fa261710fcb
julian.ward,a7cc742e16345f04e50c080309ac54f1
hannah.thompson,a35e2cf7bfe91650e3b20cbbf7984717db62a7a37daecf5e65678447ec0746e9
levi.butler,89036c470a2931b61e63bad64d38afb82aea4f39f1749790e773af2cb64e6507
ella.mitchell,e21e57fc64205c9b280b304f1d4cb04bee6ac3a70aeb50f32cb3ef17a024970f
isaac.roberts,775ac05ad4b55bd86459f31211f7d93d38f8b075
nora.lewis,faee686b40e19117e8fa88da5f979fee
matthew.adams,dd979c0a08a44c55306512b0e43a4d62
lucy.reed,e9d14448a1fcd68228d24d418ff63c7b63173e02
lincoln.harris,bed128365216c019988915ed3add75fb
audrey.phillips,3563580797399fc960f784f18efdf6298ac5151d52def734ecddf0b916d9da09
joshua.cooper,8a45c1996939c81f3f8961c22bbbacfd
zoey.russell,0d645683b0d056dc5f8af040e730dbc013b3b043
christian.morgan,3a9d8b6d3b4430b9f85cffe0510947034fc9f29dbc61e738b662bdda93b6afcf
riley.murphy,56a2628cd671a24ded4bde202c38f93c
caleb.mitchell,6dc9ec4e1589fa334ce0713bb4fc4faf7500d22fb5da9dabb8e97a39e186a5fd
lila.parker,3b82108fdac32ce2acbdda8c321bf3f8bcda8410
wyatt.turner,d7b1017990c572421dfb6ca79b72a520d52c1f0b
audrey.hayes,f94821f5ddae48c064b3842739ad08f8ede02987dcc4b5532b1325ea163a32c4
daniel.smith,ff6b1e473a7028bb57c0b7747d2016f0
